,id,conversation_id,created_at,date,timezone,place,tweet,language,hashtags,cashtags,user_id,user_id_str,username,name,day,hour,link,urls,photos,video,thumbnail,retweet,nlikes,nreplies,nretweets,quote_url,search,near,geo,source,user_rt_id,user_rt,retweet_id,reply_to,retweet_date,translate,trans_src,trans_dest
0,1558171703196491776,1558171703196491776,1660332058000.0,2022-08-12 19:20:58,+0000,,"Apple Stock Rises Ahead Of iPhone 14 Debut, Fall Product Launch  https://t.co/MyilrYylBI $AAPL  https://t.co/zrcDqUDuUR",en,[],['aapl'],1546139108,1546139108,IBD_PSeitz,Patrick Seitz,5,19,https://twitter.com/IBD_PSeitz/status/1558171703196491776,['https://www.investors.com/news/technology/apple-stock-rises-ahead-of-iphone-14-debut/'],['https://pbs.twimg.com/media/FZ-86CpWYAA0KWH.jpg'],1,https://pbs.twimg.com/media/FZ-86CpWYAA0KWH.jpg,False,1,0,0,,None,,,,,,,[],,,,
1,1558079013381459968,1558079013381459968,1660309959000.0,2022-08-12 13:12:39,+0000,,Elon’s Biggest Boondoggle Why did the world’s richest man spend the past five years trying to sell cities a hole in the ground?  https://t.co/hA0Z1RgWyI,en,[],[],1546139108,1546139108,IBD_PSeitz,Patrick Seitz,5,13,https://twitter.com/IBD_PSeitz/status/1558079013381459968,['https://nymag.com/intelligencer/2022/08/elon-musks-biggest-boondoggle.html'],[],0,,False,1,0,1,,None,,,,,,,[],,,,
2,1558074523186085889,1558074523186085889,1660308888000.0,2022-08-12 12:54:48,+0000,,The Disastrous Record of Celebrity Crypto Endorsements  https://t.co/ricKQgtH06,en,[],[],1546139108,1546139108,IBD_PSeitz,Patrick Seitz,5,12,https://twitter.com/IBD_PSeitz/status/1558074523186085889,['https://www.bloomberg.com/features/2022-crypto-celebrity-endorsements/'],[],0,,False,0,0,1,,None,,,,,,,[],,,,
3,1558074355489423366,1558074355489423366,1660308848000.0,2022-08-12 12:54:08,+0000,,Crypto Companies Are Spending $2.4 Billion on Sports Sponsorships  https://t.co/N6kxjpLmOf,en,[],[],1546139108,1546139108,IBD_PSeitz,Patrick Seitz,5,12,https://twitter.com/IBD_PSeitz/status/1558074355489423366,['https://www.bloomberg.com/news/articles/2022-08-05/crypto-nfl-nba-sponsorship-deals-cost-companies-2-4-billion'],[],0,,False,0,0,1,,None,,,,,,,[],,,,
4,1558072705542397953,1558072705542397953,1660308455000.0,2022-08-12 12:47:35,+0000,,Electric Vehicles Accelerate Axcelis' Chip Gear Business  https://t.co/L0bua2SDIG $ACLS  https://t.co/NXpXIybgkv,en,[],['acls'],1546139108,1546139108,IBD_PSeitz,Patrick Seitz,5,12,https://twitter.com/IBD_PSeitz/status/1558072705542397953,['https://www.investors.com/research/the-new-america/acls-stock-axcelis-sales-fueled-by-electric-vehicles/'],['https://pbs.twimg.com/media/FZ9i3lRXEAc-aBn.jpg'],1,https://pbs.twimg.com/media/FZ9i3lRXEAc-aBn.jpg,False,3,0,1,,None,,,,,,,[],,,,
5,1557832856340144128,1557832856340144128,1660251270000.0,2022-08-11 20:54:30,+0000,,Japanese convenience store chain using robots to restock shelves  https://t.co/qPcNP7xHEb,en,[],[],1546139108,1546139108,IBD_PSeitz,Patrick Seitz,4,20,https://twitter.com/IBD_PSeitz/status/1557832856340144128,['https://www.fierceelectronics.com/sensors/telexistence-robots-restock-shelves-convenience-stores-japan'],[],0,,False,2,0,1,,None,,,,,,,[],,,,
6,1557832442513440772,1557832442513440772,1660251172000.0,2022-08-11 20:52:52,+0000,,Mass layoffs in the tech sector began in the second quarter of 2022.  https://t.co/3uiGVamYww  https://t.co/ayd3IUFnIN,en,[],[],1546139108,1546139108,IBD_PSeitz,Patrick Seitz,4,20,https://twitter.com/IBD_PSeitz/status/1557832442513440772,['https://www.statista.com/chart/27964/number-of-tech-start-ups-companies-incorporated-in-the-us-laying-off-staff-per-month/'],['https://pbs.twimg.com/media/FZ6IP7LWAAEs1TN.jpg'],1,https://pbs.twimg.com/media/FZ6IP7LWAAEs1TN.jpg,False,3,0,2,,None,,,,,,,[],,,,
7,1557818672567259143,1557818672567259143,1660247889000.0,2022-08-11 19:58:09,+0000,,⚡️ “A night at the original Motel 6? That'll be $426” by @WSJ  https://t.co/NIB3FSVL6W,en,[],[],1546139108,1546139108,IBD_PSeitz,Patrick Seitz,4,19,https://twitter.com/IBD_PSeitz/status/1557818672567259143,['https://twitter.com/i/events/1557372505232384003'],[],0,,False,2,0,0,,None,,,,,,,[],,,,
8,1557817745340776449,1557817745340776449,1660247668000.0,2022-08-11 19:54:28,+0000,,Enovix Stock Rockets As Next-Generation Battery Maker Hits Big Milestones  https://t.co/tPJv9JHQGM $ENVX,en,[],['envx'],1546139108,1546139108,IBD_PSeitz,Patrick Seitz,4,19,https://twitter.com/IBD_PSeitz/status/1557817745340776449,['https://www.investors.com/news/technology/envx-stock-enovix-hits-big-milestones/'],[],0,,False,2,0,1,,None,,,,,,,[],,,,
9,1557532940673990661,1557532940673990661,1660179765000.0,2022-08-11 01:02:45,+0000,,RoboTire installs its first system at Discount Tire  https://t.co/QsvpUcMvb9,en,[],[],1546139108,1546139108,IBD_PSeitz,Patrick Seitz,4,01,https://twitter.com/IBD_PSeitz/status/1557532940673990661,['https://www.therobotreport.com/robotire-installs-its-first-system-at-discount-tire/'],[],0,,False,0,0,0,,None,,,,,,,[],,,,
10,1557490256718462976,1557490256718462976,1660169588000.0,2022-08-10 22:13:08,+0000,,"Alpha &amp; Omega Semiconductor Beats June-Quarter Goals, Gives In-Line Guidance  https://t.co/kwwW37rin7 $AOSL",en,[],['aosl'],1546139108,1546139108,IBD_PSeitz,Patrick Seitz,3,22,https://twitter.com/IBD_PSeitz/status/1557490256718462976,['https://www.investors.com/news/technology/aosl-stock-alpha-omega-semiconductor-q4-2022-earnings/'],[],0,,False,3,0,1,,None,,,,,,,[],,,,
11,1557434742034898946,1557434742034898946,1660156352000.0,2022-08-10 18:32:32,+0000,,U.S. Inflation Eases in July  https://t.co/yF2hHnGyFm  https://t.co/3yJ2j9I7Es,en,[],[],1546139108,1546139108,IBD_PSeitz,Patrick Seitz,3,18,https://twitter.com/IBD_PSeitz/status/1557434742034898946,['https://www.statista.com/chart/18344/year-over-year-change-of-the-consumer-price-index-for-all-urban-consumers/'],['https://pbs.twimg.com/media/FZ0epAvXwAAsDX1.jpg'],1,https://pbs.twimg.com/media/FZ0epAvXwAAsDX1.jpg,False,3,0,2,,None,,,,,,,[],,,,
12,1557434174251958273,1557434174251958273,1660156217000.0,2022-08-10 18:30:17,+0000,,Meta’s AI Chatbot Repeats Election and Anti-Semitic Conspiracies  https://t.co/Y3aHcgOrdm,en,[],[],1546139108,1546139108,IBD_PSeitz,Patrick Seitz,3,18,https://twitter.com/IBD_PSeitz/status/1557434174251958273,['https://www.bloomberg.com/news/articles/2022-08-08/meta-s-ai-chatbot-repeats-election-and-anti-semitic-conspiracies'],[],0,,False,1,0,1,,None,,,,,,,[],,,,
13,1557434008493068288,1557434008493068288,1660156178000.0,2022-08-10 18:29:38,+0000,,Meta’s new AI chatbot can’t stop bashing Facebook  https://t.co/rqh092KJbA,en,[],[],1546139108,1546139108,IBD_PSeitz,Patrick Seitz,3,18,https://twitter.com/IBD_PSeitz/status/1557434008493068288,['https://www.theguardian.com/technology/2022/aug/09/blenderbot-meta-chatbot-facebook?CMP=share_btn_tw'],[],0,,False,0,0,0,,None,,,,,,,[],,,,
14,1557433840054018050,1557433840054018050,1660156137000.0,2022-08-10 18:28:57,+0000,,Mark Cuban says buying virtual real estate is 'the dumbest s--- ever' as metaverse hype appears to be fading  https://t.co/JqVtVclV1X,en,[],[],1546139108,1546139108,IBD_PSeitz,Patrick Seitz,3,18,https://twitter.com/IBD_PSeitz/status/1557433840054018050,['https://www.businessinsider.com/mark-cuban-buying-metaverse-land-dumbest-shit-ever-2022-8'],[],0,,False,1,0,0,,None,,,,,,,[],,,,
15,1557172583283544064,1557172583283544064,1660093849000.0,2022-08-10 01:10:49,+0000,,U.S. Recession: Just a Technicality?  https://t.co/04vuBXd72c  https://t.co/x6p4NKh1Jq,en,[],[],1546139108,1546139108,IBD_PSeitz,Patrick Seitz,3,01,https://twitter.com/IBD_PSeitz/status/1557172583283544064,['https://www.statista.com/chart/27944/us-gdp-and-indicators/'],['https://pbs.twimg.com/media/FZwwLQrXoAEkSfM.jpg'],1,https://pbs.twimg.com/media/FZwwLQrXoAEkSfM.jpg,False,5,2,1,,None,,,,,,,[],,,,
16,1557124879094366211,1557124879094366211,1660082475000.0,2022-08-09 22:01:15,+0000,,Onto Innovation Tops Second-Quarter Targets But Gives Mixed Outlook  https://t.co/CRwOF3o1dT $ONTO,en,[],['onto'],1546139108,1546139108,IBD_PSeitz,Patrick Seitz,2,22,https://twitter.com/IBD_PSeitz/status/1557124879094366211,['https://www.investors.com/news/technology/onto-stock-onto-innovation-tops-estimates/'],[],0,,False,1,0,1,,None,,,,,,,[],,,,
17,1557123837812264960,1557123837812264960,1660082227000.0,2022-08-09 21:57:07,+0000,,Super Micro Computer Beats Raised Expectations For June Quarter  https://t.co/i5YHUlsoc5 $SMCI,en,[],['smci'],1546139108,1546139108,IBD_PSeitz,Patrick Seitz,2,21,https://twitter.com/IBD_PSeitz/status/1557123837812264960,['https://www.investors.com/news/technology/smci-stock-super-micro-computer-beats-june-quarter-estimates/'],[],0,,False,2,0,0,,None,,,,,,,[],,,,
18,1557055908231913473,1557055908231913473,1660066031000.0,2022-08-09 17:27:11,+0000,,Micron Warning Pulls Down Semiconductor Stocks  https://t.co/llLi1E29c9 $MU,en,[],['mu'],1546139108,1546139108,IBD_PSeitz,Patrick Seitz,2,17,https://twitter.com/IBD_PSeitz/status/1557055908231913473,['https://www.investors.com/news/technology/mu-stock-micron-warning-pulls-down-semiconductor-stocks/'],[],0,,False,2,0,2,,None,,,,,,,[],,,,
19,1556954857692692480,1556954857692692480,1660041939000.0,2022-08-09 10:45:39,+0000,,"Chipmaker GlobalFoundries Beats Second-Quarter Goals, Points Higher  https://t.co/dRr60BZeru $GFS",en,[],['gfs'],1546139108,1546139108,IBD_PSeitz,Patrick Seitz,2,10,https://twitter.com/IBD_PSeitz/status/1556954857692692480,['https://www.investors.com/news/technology/gfs-stock-globalfoundries-beats-q2-goals-points-higher/'],[],0,,False,4,0,1,,None,,,,,,,[],,,,
20,1556788747450056705,1556788747450056705,1660002335000.0,2022-08-08 23:45:35,+0000,,This poll showing people's interest in superhero and Marvel movies dropping should worry Disney  https://t.co/AG2ezGgn1r,en,[],[],1546139108,1546139108,IBD_PSeitz,Patrick Seitz,1,23,https://twitter.com/IBD_PSeitz/status/1556788747450056705,['https://www.businessinsider.com/interest-in-superhero-marvel-movies-dropping-poll-2022-8'],[],0,,False,2,0,2,,None,,,,,,,[],,,,
21,1556786981753036809,1556786981753036809,1660001914000.0,2022-08-08 23:38:34,+0000,,Warner Bros. Discovery Takes $825M Write-Down on Content Following High-Profile DC Axings and TBS-TNT Cancellations  https://t.co/3Eb4A0S7lO,en,[],[],1546139108,1546139108,IBD_PSeitz,Patrick Seitz,1,23,https://twitter.com/IBD_PSeitz/status/1556786981753036809,['https://www.hollywoodreporter.com/business/business-news/warner-bros-discovery-takes-825m-writedown-on-content-1235192629/'],[],0,,False,1,0,2,,None,,,,,,,[],,,,
22,1556771830450589704,1556771830450589704,1659998302000.0,2022-08-08 22:38:22,+0000,,"Biden Approval Rating Hits New Low, Despite Democrats' Winning Streak  https://t.co/OIBf1o9dBk",en,[],[],1546139108,1546139108,IBD_PSeitz,Patrick Seitz,1,22,https://twitter.com/IBD_PSeitz/status/1556771830450589704,['https://www.investors.com/politics/biden-approval-rating-hits-new-low-despite-democrats-winning-streak/'],[],0,,False,2,0,2,,None,,,,,,,[],,,,
23,1556767409481981953,1556767409481981953,1659997248000.0,2022-08-08 22:20:48,+0000,,"Video Game Publisher Take-Two Misses Targets, Guides Lower  https://t.co/lKKWXiSTxb $TTWO  https://t.co/SKCXoUko7G",en,[],['ttwo'],1546139108,1546139108,IBD_PSeitz,Patrick Seitz,1,22,https://twitter.com/IBD_PSeitz/status/1556767409481981953,['https://www.investors.com/news/technology/ttwo-stock-take-two-misses-targets-guides-lower/'],['https://pbs.twimg.com/media/FZq_tWbX0AQb6pR.jpg'],1,https://pbs.twimg.com/media/FZq_tWbX0AQb6pR.jpg,False,0,0,0,,None,,,,,,,[],,,,
24,1556660201956278274,1556660201956278274,1659971688000.0,2022-08-08 15:14:48,+0000,,Nvidia Stock Tanks After Graphics-Chip Maker Warns Of Weak Gaming Sales  https://t.co/YJBcDqI6C9 $NVDA  https://t.co/7ds5qiolOI,en,[],['nvda'],1546139108,1546139108,IBD_PSeitz,Patrick Seitz,1,15,https://twitter.com/IBD_PSeitz/status/1556660201956278274,['https://www.investors.com/news/technology/nvidia-stock-falls-as-graphics-chip-maker-warns-of-weak-gaming-sales/'],['https://pbs.twimg.com/media/FZpeNAvWAAMbuHu.jpg'],1,https://pbs.twimg.com/media/FZpeNAvWAAMbuHu.jpg,False,1,1,1,,None,,,,,,,[],,,,
25,1555650587542405120,1555650587542405120,1659730977000.0,2022-08-05 20:22:57,+0000,,Chipmakers For Consumer Devices See Slowing Sales Ahead  https://t.co/VaiEy6AvnU $AMD $INTC $QRVO $QCOM $POWI $SITM $SYNA $SWKS,en,[],"['amd', 'intc', 'qrvo', 'qcom', 'powi', 'sitm', 'syna', 'swks']",1546139108,1546139108,IBD_PSeitz,Patrick Seitz,5,20,https://twitter.com/IBD_PSeitz/status/1555650587542405120,['https://www.investors.com/news/technology/semiconductor-stocks-chip-sales-slowing-for-consumer-devices/'],[],0,,False,3,0,0,,None,,,,,,,[],,,,
26,1555645436848967680,1555645436848967680,1659729749000.0,2022-08-05 20:02:29,+0000,,"Would you buy a signed baseball card of Mark Zuckerberg from when he was eight years old? Well, now's your chance.  https://t.co/9JyXTbXcVt  https://t.co/oOWwtZinkW",en,[],[],1546139108,1546139108,IBD_PSeitz,Patrick Seitz,5,20,https://twitter.com/IBD_PSeitz/status/1555645436848967680,['https://www.businessinsider.com/mark-zuckerberg-little-league-baseball-card-batting-average-nft-auction-2022-8'],['https://pbs.twimg.com/media/FZbC_gKX0AEImrt.jpg'],1,https://pbs.twimg.com/media/FZbC_gKX0AEImrt.jpg,False,2,1,0,,None,,,,,,,[],,,,
27,1555607513709662208,1555607513709662208,1659720707000.0,2022-08-05 17:31:47,+0000,,"Axcelis, IBD Stock Of The Day, Excels In Semiconductor Equipment Business  https://t.co/6TvJJVzCGI $ACLS",en,[],['acls'],1546139108,1546139108,IBD_PSeitz,Patrick Seitz,5,17,https://twitter.com/IBD_PSeitz/status/1555607513709662208,['https://www.investors.com/research/ibd-stock-of-the-day/acls-stock-axcelis-nears-buy-point/'],[],0,,False,1,0,1,,None,,,,,,,[],,,,
28,1555559941192269828,1555559941192269828,1659709365000.0,2022-08-05 14:22:45,+0000,,Amazon Expands Consumer Electronics Business With iRobot Purchase  https://t.co/yEanv9EkgH $AMZN $IRBT,en,[],"['amzn', 'irbt']",1546139108,1546139108,IBD_PSeitz,Patrick Seitz,5,14,https://twitter.com/IBD_PSeitz/status/1555559941192269828,['https://www.investors.com/news/technology/amazon-stock-amazon-to-buy-irobot/'],[],0,,False,2,0,1,,None,,,,,,,[],,,,
29,1555296672284024833,1555296672284024833,1659646597000.0,2022-08-04 20:56:37,+0000,,"Power Integrations Misses Sales Target, Guides Lower On Smartphone Weakness  https://t.co/04z0LOEYQX $POWI",en,[],['powi'],1546139108,1546139108,IBD_PSeitz,Patrick Seitz,4,20,https://twitter.com/IBD_PSeitz/status/1555296672284024833,['https://www.investors.com/news/technology/powi-stock-power-integrations/'],[],0,,False,1,0,0,,None,,,,,,,[],,,,
30,1555270837569298436,1555270837569298436,1659640437000.0,2022-08-04 19:13:57,+0000,,Amazon Leads $200 Billion Cloud Market  https://t.co/BQS23bJTHi  https://t.co/aPUwqa7ISk,en,[],[],1546139108,1546139108,IBD_PSeitz,Patrick Seitz,4,19,https://twitter.com/IBD_PSeitz/status/1555270837569298436,['https://www.statista.com/chart/18819/worldwide-market-share-of-leading-cloud-infrastructure-service-providers/'],['https://pbs.twimg.com/media/FZVujZqWYAMlw3T.jpg'],1,https://pbs.twimg.com/media/FZVujZqWYAMlw3T.jpg,False,1,0,1,,None,,,,,,,[],,,,
31,1555248610647875586,1555248610647875586,1659635138000.0,2022-08-04 17:45:38,+0000,,"Monolithic Power Systems, IBD Stock Of The Day, Nears Buy Point  https://t.co/1SzearDJro $MPWR",en,[],['mpwr'],1546139108,1546139108,IBD_PSeitz,Patrick Seitz,4,17,https://twitter.com/IBD_PSeitz/status/1555248610647875586,['https://www.investors.com/research/ibd-stock-of-the-day/mpwr-stock-monolithic-power-systems-nears-buy-point/'],[],0,,False,1,0,0,,None,,,,,,,[],,,,
32,1555208081746837506,1555208081746837506,1659625475000.0,2022-08-04 15:04:35,+0000,,FX Boss John Landgraf Now Says 2022 Will Be the Actual Peak of ‘Peak TV’  https://t.co/N7YaE36Cnw,en,[],[],1546139108,1546139108,IBD_PSeitz,Patrick Seitz,4,15,https://twitter.com/IBD_PSeitz/status/1555208081746837506,['https://www.indiewire.com/2022/08/john-landgraf-peak-tv-prediction-1234747539/'],[],0,,False,0,0,0,,None,,,,,,,[],,,,
33,1554979627247992839,1554979627247992839,1659571007000.0,2022-08-03 23:56:47,+0000,,The Hidden Suppliers of the Chip Industry  https://t.co/rsuBG2JEQU  https://t.co/wPB9m2ePUL,en,[],[],1546139108,1546139108,IBD_PSeitz,Patrick Seitz,3,23,https://twitter.com/IBD_PSeitz/status/1554979627247992839,['https://www.statista.com/chart/27903/annual-revenue-of-the-leading-semiconductor-foundries/'],['https://pbs.twimg.com/media/FZRluesWAAcLSA2.jpg'],1,https://pbs.twimg.com/media/FZRluesWAAcLSA2.jpg,False,3,0,2,,None,,,,,,,[],,,,
34,1554947495393910784,1554947495393910784,1659563347000.0,2022-08-03 21:49:07,+0000,,"Chip Gear Maker Axcelis Crushes Second-Quarter Targets, Guides Higher  https://t.co/hS04W1NHvh $ACLS",en,[],['acls'],1546139108,1546139108,IBD_PSeitz,Patrick Seitz,3,21,https://twitter.com/IBD_PSeitz/status/1554947495393910784,['https://www.investors.com/news/technology/acls-stock-axcelis-technologies-crushes-second-quarter-targets/'],[],0,,False,5,0,2,,None,,,,,,,[],,,,
35,1554946928978411521,1554946928978411521,1659563212000.0,2022-08-03 21:46:52,+0000,,Chipmaker SiTime Easily Tops Wall Street's Second-Quarter Estimates  https://t.co/5QR6H3lueA $SITM,en,[],['sitm'],1546139108,1546139108,IBD_PSeitz,Patrick Seitz,3,21,https://twitter.com/IBD_PSeitz/status/1554946928978411521,['https://www.investors.com/news/technology/sitm-stock-sitime-easily-tops-wall-street-estimates/'],[],0,,False,2,0,1,,None,,,,,,,[],,,,
36,1554827575549054978,1554827575549054978,1659534755000.0,2022-08-03 13:52:35,+0000,,"Tech Services Firm CDW Posts Mixed Results, Gives Upbeat Full-Year Outlook  https://t.co/D6kuf0z0dd $CDW  https://t.co/PG6Fs9UTA1",en,[],['cdw'],1546139108,1546139108,IBD_PSeitz,Patrick Seitz,3,13,https://twitter.com/IBD_PSeitz/status/1554827575549054978,['https://www.investors.com/news/technology/cdw-stock-tech-services-firm-posts-mixed-q2-results/'],['https://pbs.twimg.com/media/FZPbcJQVsAEyes8.jpg'],1,https://pbs.twimg.com/media/FZPbcJQVsAEyes8.jpg,False,1,0,0,,None,,,,,,,[],,,,
37,1554586039431356416,1554586039431356416,1659477169000.0,2022-08-02 21:52:49,+0000,,Video Game Publisher EA Beats June-Quarter Targets But Guides Low  https://t.co/pU5JUTjNEh $EA $ATVI  https://t.co/BuyjHcCKkz,en,[],"['ea', 'atvi']",1546139108,1546139108,IBD_PSeitz,Patrick Seitz,2,21,https://twitter.com/IBD_PSeitz/status/1554586039431356416,['https://www.investors.com/news/technology/ea-stock-electronic-arts-beats-june-quarter-targets-but-guides-low/'],['https://pbs.twimg.com/media/FZL_w1VXoAE5uwY.jpg'],1,https://pbs.twimg.com/media/FZL_w1VXoAE5uwY.jpg,False,0,0,0,,None,,,,,,,[],,,,
38,1554585785734729728,1554585785734729728,1659477108000.0,2022-08-02 21:51:48,+0000,,"Chipmaker AMD Narrowly Tops Second-Quarter Goals, Gives Light Sales Outlook  https://t.co/goxE4u6hEX $AMD  https://t.co/VCuYYBlumG",en,[],['amd'],1546139108,1546139108,IBD_PSeitz,Patrick Seitz,2,21,https://twitter.com/IBD_PSeitz/status/1554585785734729728,['https://www.investors.com/news/technology/amd-stock-chipmaker-narrowly-tops-q2-goals/'],['https://pbs.twimg.com/media/FZL_iKqXEAABpop.jpg'],1,https://pbs.twimg.com/media/FZL_iKqXEAABpop.jpg,False,3,0,1,,None,,,,,,,[],,,,
39,1554544897340112896,1554544897340112896,1659467360000.0,2022-08-02 19:09:20,+0000,,"Apple Services Growth Engine Stalling, Creating Challenge For Stock  https://t.co/PybX6rTXLY $AAPL",en,[],['aapl'],1546139108,1546139108,IBD_PSeitz,Patrick Seitz,2,19,https://twitter.com/IBD_PSeitz/status/1554544897340112896,['https://www.investors.com/news/technology/apple-stock-apple-services-growth-engine-stalling/'],[],0,,False,2,1,1,,None,,,,,,,[],,,,
40,1554519569661923330,1554519569661923330,1659461321000.0,2022-08-02 17:28:41,+0000,,"Chipmaker Onsemi, IBD Stock Of The Day, Clears Two Buy Points  https://t.co/OqPO0tdVfx $ON",en,[],['on'],1546139108,1546139108,IBD_PSeitz,Patrick Seitz,2,17,https://twitter.com/IBD_PSeitz/status/1554519569661923330,['https://www.investors.com/research/ibd-stock-of-the-day/on-stock-onsemi-clears-buy-points-after-earnings/'],[],0,,False,3,0,2,,None,,,,,,,[],,,,
41,1554423206597087232,1554423206597087232,1659438346000.0,2022-08-02 11:05:46,+0000,,Zebra Technologies Beats Second-Quarter Goals But Offers Soft Outlook  https://t.co/sqz8RriRMi $ZBRA  https://t.co/jjt4eOmypP,en,[],['zbra'],1546139108,1546139108,IBD_PSeitz,Patrick Seitz,2,11,https://twitter.com/IBD_PSeitz/status/1554423206597087232,['https://www.investors.com/news/technology/zbra-stock-zebra-technologies-beats-q2-goals-but-offers-soft-outlook/'],['https://pbs.twimg.com/media/FZJrq01WYAM8aGX.jpg'],1,https://pbs.twimg.com/media/FZJrq01WYAM8aGX.jpg,False,2,2,0,,None,,,,,,,[],,,,
42,1554215165649993731,1554215165649993731,1659388746000.0,2022-08-01 21:19:06,+0000,,"Lattice Semiconductor Tops June-Quarter Goals, Raises Estimates  https://t.co/1bKqwL7SVm $LSCC",en,[],['lscc'],1546139108,1546139108,IBD_PSeitz,Patrick Seitz,1,21,https://twitter.com/IBD_PSeitz/status/1554215165649993731,['https://www.investors.com/news/technology/lscc-stock-lattice-semiconductor-tops-june-quarter-goals/'],[],0,,False,14,1,4,,None,,,,,,,[],,,,
43,1554214160061419524,1554214160061419524,1659388506000.0,2022-08-01 21:15:06,+0000,,"Chipmaker Monolithic Power Systems Trounces Second-Quarter Targets, Guides Higher  https://t.co/BnBNiqRygY $MPWR",en,[],['mpwr'],1546139108,1546139108,IBD_PSeitz,Patrick Seitz,1,21,https://twitter.com/IBD_PSeitz/status/1554214160061419524,['https://www.investors.com/news/technology/mpwr-stock-monolithic-power-systems-trounces-q2-targets/'],[],0,,False,4,0,0,,None,,,,,,,[],,,,
44,1554086830303313922,1554086830303313922,1659358148000.0,2022-08-01 12:49:08,+0000,,Chipmaker Onsemi Delivers Beat-And-Raise Quarterly Report  https://t.co/jEOwiR4wBX $ON  https://t.co/XQpOGIPV9N,en,[],['on'],1546139108,1546139108,IBD_PSeitz,Patrick Seitz,1,12,https://twitter.com/IBD_PSeitz/status/1554086830303313922,['https://www.investors.com/news/technology/on-stock-onsemi-delivers-beat-and-raise-quarterly-report/'],['https://pbs.twimg.com/media/FZE5vKhX0AAc3It.jpg'],1,https://pbs.twimg.com/media/FZE5vKhX0AAc3It.jpg,False,0,0,0,,None,,,,,,,[],,,,
45,1553895083501551617,1553895083501551617,1659312432000.0,2022-08-01 00:07:12,+0000,,Facebook fact-checks top economist for stating America IS in a recession after Biden refused to admit it  https://t.co/R4XN73LUMP,en,[],[],1546139108,1546139108,IBD_PSeitz,Patrick Seitz,1,00,https://twitter.com/IBD_PSeitz/status/1553895083501551617,['https://www.dailymail.co.uk/news/article-11065811/We-live-Orwellian-hell-scape-economist-lashes-Facebook-fact-checking-recession.html'],[],0,,False,2,0,2,,None,,,,,,,[],,,,
46,1553441802941878275,1553441802941878275,1659204362000.0,2022-07-30 18:06:02,+0000,,'We ARE in a recession!' Home Depot co-founder calls out Biden's gaslighting as he insists US economy has entered downturn and says president is to blame for inflation  https://t.co/rrGZDRDh16,en,[],[],1546139108,1546139108,IBD_PSeitz,Patrick Seitz,6,18,https://twitter.com/IBD_PSeitz/status/1553441802941878275,['https://www.dailymail.co.uk/news/article-11063927/Home-Depot-founder-insists-economy-entered-downturn.html'],[],0,,False,3,2,1,,None,,,,,,,[],,,,
47,1553101521981784070,1553101521981784070,1659123232000.0,2022-07-29 19:33:52,+0000,,"iPhone, Services Help Apple Weather Global Headwinds  https://t.co/hoD0MMpxqH  https://t.co/88dey8rbqG",en,[],[],1546139108,1546139108,IBD_PSeitz,Patrick Seitz,5,19,https://twitter.com/IBD_PSeitz/status/1553101521981784070,['https://www.statista.com/chart/16845/apple-quarterly-revenue-by-product-category/'],['https://pbs.twimg.com/media/FY25mY8XEAAbh-R.jpg'],1,https://pbs.twimg.com/media/FY25mY8XEAAbh-R.jpg,False,1,0,0,,None,,,,,,,[],,,,
48,1553100610605617157,1553100610605617157,1659123015000.0,2022-07-29 19:30:15,+0000,,Layoffs Reach Amazon After Years of Unabashed Growth  https://t.co/4wcoC3Q9xC  https://t.co/2sOcZAqf2a,en,[],[],1546139108,1546139108,IBD_PSeitz,Patrick Seitz,5,19,https://twitter.com/IBD_PSeitz/status/1553100610605617157,['https://www.statista.com/chart/7581/amazons-global-workforce/'],['https://pbs.twimg.com/media/FY24xZnWQAEdLTd.jpg'],1,https://pbs.twimg.com/media/FY24xZnWQAEdLTd.jpg,False,2,0,0,,None,,,,,,,[],,,,
49,1553066333847396353,1553066333847396353,1659114843000.0,2022-07-29 17:14:03,+0000,,"Roku Stock Plunges On Big Loss, Sales Miss, Weak Outlook  https://t.co/8565RQTRFX $ROKU  https://t.co/wO6T4gIq6L",en,[],['roku'],1546139108,1546139108,IBD_PSeitz,Patrick Seitz,5,17,https://twitter.com/IBD_PSeitz/status/1553066333847396353,['https://www.investors.com/news/technology/roku-stock-plunges-on-big-loss-sales-miss-weak-outlook/'],['https://pbs.twimg.com/media/FY2ZmcaWIAI2Bnh.jpg'],1,https://pbs.twimg.com/media/FY2ZmcaWIAI2Bnh.jpg,False,0,0,0,,None,,,,,,,[],,,,
50,1553018368688590850,1553018368688590850,1659103407000.0,2022-07-29 14:03:27,+0000,,Apple Stock Nears Buy Point After 'Top Gun'-Style June Quarter  https://t.co/38MYDXVqFa $AAPL,en,[],['aapl'],1546139108,1546139108,IBD_PSeitz,Patrick Seitz,5,14,https://twitter.com/IBD_PSeitz/status/1553018368688590850,['https://www.investors.com/news/technology/apple-stock-nears-buy-point-after-top-gun-style-june-quarter/'],[],0,,False,1,0,0,,None,,,,,,,[],,,,
51,1552769595903197190,1552769595903197190,1659044095000.0,2022-07-28 21:34:55,+0000,,"Strong iPhone Sales, Services Revenue Drive Apple's June-Quarter Beat  https://t.co/38y8SR8Rfz $AAPL  https://t.co/fpM1291ll0",en,[],['aapl'],1546139108,1546139108,IBD_PSeitz,Patrick Seitz,4,21,https://twitter.com/IBD_PSeitz/status/1552769595903197190,['https://www.investors.com/news/technology/apple-stock-rises-on-june-quarter-beat/'],['https://pbs.twimg.com/media/FYyLt9jXoAEvj1M.jpg'],1,https://pbs.twimg.com/media/FYyLt9jXoAEvj1M.jpg,False,1,0,0,,None,,,,,,,[],,,,
52,1552766195933265921,1552766195933265921,1659043284000.0,2022-07-28 21:21:24,+0000,,Intel Stock Falls After Chipmaker Badly Misses Second-Quarter Targets  https://t.co/FGVIe1BbS4 $INTC,en,[],['intc'],1546139108,1546139108,IBD_PSeitz,Patrick Seitz,4,21,https://twitter.com/IBD_PSeitz/status/1552766195933265921,['https://www.investors.com/news/technology/intel-stock-falls-after-chipmaker-badly-misses-q2-targets/'],[],0,,False,5,0,0,,None,,,,,,,[],,,,
53,1552677774883708930,1552677774883708930,1659022203000.0,2022-07-28 15:30:03,+0000,,U.S. Enters Technical Recession in Second Quarter  https://t.co/0G4UjKIp2x  https://t.co/x1c3i12Bf3,en,[],[],1546139108,1546139108,IBD_PSeitz,Patrick Seitz,4,15,https://twitter.com/IBD_PSeitz/status/1552677774883708930,['https://www.statista.com/chart/22426/long-term-gdp-growth-in-the-united-states/'],['https://pbs.twimg.com/media/FYw4M_6XoAE7yjo.jpg'],1,https://pbs.twimg.com/media/FYw4M_6XoAE7yjo.jpg,False,3,0,1,,None,,,,,,,[],,,,
54,1552673264736124928,1552673264736124928,1659021128000.0,2022-07-28 15:12:08,+0000,,Google Buys Chicago Government Building For $105 Million – Bucking Trend Of Major Companies Leaving Illinois  https://t.co/o3aDqimgSc,en,[],[],1546139108,1546139108,IBD_PSeitz,Patrick Seitz,4,15,https://twitter.com/IBD_PSeitz/status/1552673264736124928,['https://www.forbes.com/sites/dereksaul/2022/07/27/google-buys-chicago-government-building-for-105-millionbucking-trend-of-major-companies-leaving-illinois/'],[],0,,False,0,0,0,,None,,,,,,,[],,,,
55,1552409227909644290,1552409227909644290,1658958176000.0,2022-07-27 21:42:56,+0000,,Qualcomm Beats June-Quarter Goals But Sees Weakening Smartphone Sales  https://t.co/Tm1dSbHqNz $QCOM,en,[],['qcom'],1546139108,1546139108,IBD_PSeitz,Patrick Seitz,3,21,https://twitter.com/IBD_PSeitz/status/1552409227909644290,['https://www.investors.com/news/technology/qcom-stock-qualcomm-beats-targets-but-misses-with-outlook/'],[],0,,False,2,0,0,,None,,,,,,,[],,,,
56,1552344683250065408,1552344683250065408,1658942788000.0,2022-07-27 17:26:28,+0000,,What To Expect From Apple's June-Quarter Earnings Report  https://t.co/27FIFMN4sF $AAPL  https://t.co/bRRLrAlKBO,en,[],['aapl'],1546139108,1546139108,IBD_PSeitz,Patrick Seitz,3,17,https://twitter.com/IBD_PSeitz/status/1552344683250065408,['https://www.investors.com/news/technology/aapl-stock-apple-earnings-fiscal-third-quarter-2022/'],['https://pbs.twimg.com/media/FYsJQyiWQAAQyFY.jpg'],1,https://pbs.twimg.com/media/FYsJQyiWQAAQyFY.jpg,False,0,0,0,,None,,,,,,,[],,,,
57,1552062575793373184,1552062575793373184,1658875528000.0,2022-07-26 22:45:28,+0000,,Amazon's Escalating Logistics Costs  https://t.co/WI4MW7Ib7r  https://t.co/yJHE955JAI,en,[],[],1546139108,1546139108,IBD_PSeitz,Patrick Seitz,2,22,https://twitter.com/IBD_PSeitz/status/1552062575793373184,['https://www.statista.com/chart/17207/amazon-shipping-and-fulfillment-costs/'],['https://pbs.twimg.com/media/FYoIrX3XEAAxNAl.jpg'],1,https://pbs.twimg.com/media/FYoIrX3XEAAxNAl.jpg,False,1,1,0,,None,,,,,,,[],,,,
58,1552054125990477824,1552054125990477824,1658873514000.0,2022-07-26 22:11:54,+0000,,"Microsoft Misses Targets Amid Unfavorable Exchange Rates, PC Sales Weakness  https://t.co/tc0f5JEF7Q $MSFT  https://t.co/r5VT0QqeO9",en,[],['msft'],1546139108,1546139108,IBD_PSeitz,Patrick Seitz,2,22,https://twitter.com/IBD_PSeitz/status/1552054125990477824,['https://www.investors.com/news/technology/msft-stock-microsoft-misses-june-quarter-sales-earnings-targets/'],['https://pbs.twimg.com/media/FYoBAJjWAAQXyHI.jpg'],1,https://pbs.twimg.com/media/FYoBAJjWAAQXyHI.jpg,False,2,0,0,,None,,,,,,,[],,,,
59,1552051903273619456,1552051903273619456,1658872984000.0,2022-07-26 22:03:04,+0000,,"Texas Instruments Crushes Wall Street's Second-Quarter Estimates, Guides Higher  https://t.co/pAKU84U3im $TXN  https://t.co/OijoVJM5bf",en,[],['txn'],1546139108,1546139108,IBD_PSeitz,Patrick Seitz,2,22,https://twitter.com/IBD_PSeitz/status/1552051903273619456,['https://www.investors.com/news/technology/txn-stock-texas-instruments-crushes-wall-street-estimates/'],['https://pbs.twimg.com/media/FYn--yhWIAIAV-X.jpg'],1,https://pbs.twimg.com/media/FYn--yhWIAIAV-X.jpg,False,4,0,1,,None,,,,,,,[],,,,
60,1551921331897352196,1551921331897352196,1658841853000.0,2022-07-26 13:24:13,+0000,,"Logitech Misses June-Quarter Targets, Lowers Full-Year Outlook  https://t.co/AbNcMAbe4f $LOGI  https://t.co/sXbyd9v7p5",en,[],['logi'],1546139108,1546139108,IBD_PSeitz,Patrick Seitz,2,13,https://twitter.com/IBD_PSeitz/status/1551921331897352196,['https://www.investors.com/news/technology/logi-stock-logitech-misses-june-quarter-targets-lowers-full-year-outlook/'],['https://pbs.twimg.com/media/FYmIOiMXwAANxYp.jpg'],1,https://pbs.twimg.com/media/FYmIOiMXwAANxYp.jpg,False,1,0,0,,None,,,,,,,[],,,,
61,1551691354320896006,1551691354320896006,1658787022000.0,2022-07-25 22:10:22,+0000,,"Cadence Design Systems Tops Second-Quarter Targets, Guides Higher  https://t.co/wmro4WtyYy $CDNS",en,[],['cdns'],1546139108,1546139108,IBD_PSeitz,Patrick Seitz,1,22,https://twitter.com/IBD_PSeitz/status/1551691354320896006,['https://www.investors.com/news/technology/cdns-stock-cadence-design-systems-tops-q2-targets/'],[],0,,False,0,0,0,,None,,,,,,,[],,,,
62,1551690918524325890,1551690918524325890,1658786918000.0,2022-07-25 22:08:38,+0000,,"NXP Semiconductors Beats Q2 Goals, Offers Cautious Commentary  https://t.co/HEWeMZfXLv $NXPI",en,[],['nxpi'],1546139108,1546139108,IBD_PSeitz,Patrick Seitz,1,22,https://twitter.com/IBD_PSeitz/status/1551690918524325890,['https://www.investors.com/news/technology/nxpi-stock-nxp-semiconductors-beats-q2-goals/'],[],0,,False,3,0,0,,None,,,,,,,[],,,,
63,1551642674041704454,1551642674041704454,1658775416000.0,2022-07-25 18:56:56,+0000,,"Synopsys, IBD Stock Of The Day, Approaching Buy Point As It Outperforms  https://t.co/A5LnjrtArd $SNPS",en,[],['snps'],1546139108,1546139108,IBD_PSeitz,Patrick Seitz,1,18,https://twitter.com/IBD_PSeitz/status/1551642674041704454,['https://www.investors.com/research/ibd-stock-of-the-day/snps-stock-synopsys-is-nearing-a-buy-point/'],[],0,,False,1,1,1,,None,,,,,,,[],,,,
64,1551264695419654147,1551264695419654147,1658685299000.0,2022-07-24 17:54:59,+0000,,⚡️ “How Gen Z became obsessed with subtitles” by @TeleTVRadio  https://t.co/MTIsyOHP3V,en,[],[],1546139108,1546139108,IBD_PSeitz,Patrick Seitz,7,17,https://twitter.com/IBD_PSeitz/status/1551264695419654147,['https://twitter.com/i/events/1551161614828769282'],[],0,,False,1,0,1,,None,,,,,,,[],,,,
65,1550672153518931968,1550672153518931968,1658544026000.0,2022-07-23 02:40:26,+0000,,Tesla has cashed out most of its bad bitcoin bet  https://t.co/4lyFj1ur1a,en,[],[],1546139108,1546139108,IBD_PSeitz,Patrick Seitz,6,02,https://twitter.com/IBD_PSeitz/status/1550672153518931968,['https://www.businessinsider.com/tesla-bitcoin-converted-to-fiat-crypto-crash-elon-musk-2022-7'],[],0,,False,2,0,0,,None,,,,,,,[],,,,
66,1550533916494221312,1550533916494221312,1658511067000.0,2022-07-22 17:31:07,+0000,,Chip Gear Makers Face Slowdown In Customer Spending  https://t.co/6fo1uAXe3E $AMAT $KLAC $LRCX $ASML $TSM,en,[],"['amat', 'klac', 'lrcx', 'asml', 'tsm']",1546139108,1546139108,IBD_PSeitz,Patrick Seitz,5,17,https://twitter.com/IBD_PSeitz/status/1550533916494221312,['https://www.investors.com/news/technology/semiconductor-equipment-stocks-face-near-term-headwinds/'],[],0,,False,2,0,0,,None,,,,,,,[],,,,
67,1550440812516982784,1550440812516982784,1658488870000.0,2022-07-22 11:21:10,+0000,,Delivery app chooses Texas man as first-ever ‘chief taco officer’  https://t.co/sHAyADoBJG,en,[],[],1546139108,1546139108,IBD_PSeitz,Patrick Seitz,5,11,https://twitter.com/IBD_PSeitz/status/1550440812516982784,['https://www.kxan.com/news/texas/delivery-app-chooses-texas-man-as-first-ever-chief-taco-officer/'],[],0,,False,1,0,0,,None,,,,,,,[],,,,
68,1549833788502466560,1549833788502466560,1658344144000.0,2022-07-20 19:09:04,+0000,,Wall Street Analysts Clash Over Netflix Stock After Q2 Earnings  https://t.co/p2DBhxdSMj $NFLX  https://t.co/sEFsOn6h4C,en,[],['nflx'],1546139108,1546139108,IBD_PSeitz,Patrick Seitz,3,19,https://twitter.com/IBD_PSeitz/status/1549833788502466560,['https://www.investors.com/news/technology/netflix-stock-analysts-clash-after-q2-earnings/'],['https://pbs.twimg.com/media/FYIdngAXwAIgnYx.jpg'],1,https://pbs.twimg.com/media/FYIdngAXwAIgnYx.jpg,False,1,0,0,,None,,,,,,,[],,,,
69,1549830467532226560,1549830467532226560,1658343352000.0,2022-07-20 18:55:52,+0000,,Netflix Sheds Subscribers for Second Quarter in a Row  https://t.co/FcxdXZRWTU  https://t.co/XADK8SsBWk,en,[],[],1546139108,1546139108,IBD_PSeitz,Patrick Seitz,3,18,https://twitter.com/IBD_PSeitz/status/1549830467532226560,['https://www.statista.com/chart/7677/netflix-subscriber-growth/'],['https://pbs.twimg.com/media/FYIamAyXwAYts8M.jpg'],1,https://pbs.twimg.com/media/FYIamAyXwAYts8M.jpg,False,1,0,0,,None,,,,,,,[],,,,
70,1549772783378468864,1549772783378468864,1658329599000.0,2022-07-20 15:06:39,+0000,,Chip Gear Maker ASML Beats Q2 Views But Guidance Disappoints  https://t.co/XmghCEHQ5N $ASML  https://t.co/2cL7PdBRgO,en,[],['asml'],1546139108,1546139108,IBD_PSeitz,Patrick Seitz,3,15,https://twitter.com/IBD_PSeitz/status/1549772783378468864,['https://www.investors.com/news/technology/asml-stock-chip-gear-maker-beats-q2-views-but-outlook-disappoints/'],['https://pbs.twimg.com/media/FYHmIilXEAIq6Ex.jpg'],1,https://pbs.twimg.com/media/FYHmIilXEAIq6Ex.jpg,False,1,0,0,,None,,,,,,,[],,,,
71,1549764513439834113,1549764513439834113,1658327627000.0,2022-07-20 14:33:47,+0000,,SkyWater Technology chooses Discovery Park District at Purdue University for $1.8B semiconductor fabrication facility  https://t.co/nhczatqBZs,en,[],[],1546139108,1546139108,IBD_PSeitz,Patrick Seitz,3,14,https://twitter.com/IBD_PSeitz/status/1549764513439834113,"['https://www.purdue.edu/newsroom/releases/2022/Q3/skywater-technology-chooses-discovery-park-district-at-purdue-for-1.8b-semiconductor-fabrication-facility,-to-create-750-jobs-in-5-years.html']",[],0,,False,9,0,2,,None,,,,,,,[],,,,
72,1549525778001498114,1549525778001498114,1658270708000.0,2022-07-19 22:45:08,+0000,,"Video Streamer Netflix Loses 'Just' 1 Million Subscribers, Stock Jumps  https://t.co/GrzArYIVv8 $NFLX  https://t.co/2WLegjgfRa",en,[],['nflx'],1546139108,1546139108,IBD_PSeitz,Patrick Seitz,2,22,https://twitter.com/IBD_PSeitz/status/1549525778001498114,['https://www.investors.com/news/technology/netflix-stock-video-streamer-loses-just-1-million-subscribers/'],['https://pbs.twimg.com/media/FYEFe9GXkAIb63_.jpg'],1,https://pbs.twimg.com/media/FYEFe9GXkAIb63_.jpg,False,1,0,0,,None,,,,,,,[],,,,
73,1549390038915579907,1549390038915579907,1658238346000.0,2022-07-19 13:45:46,+0000,,Jamba by Blendid robotic smoothie kiosk heads to Love’s Travel stops   https://t.co/G1rAb3jbip,en,[],[],1546139108,1546139108,IBD_PSeitz,Patrick Seitz,2,13,https://twitter.com/IBD_PSeitz/status/1549390038915579907,['https://www.fierceelectronics.com/sensors/jamba-blendid-robotic-smoothie-kiosk-heads-loves-travel-stops'],[],0,,False,1,0,0,,None,,,,,,,[],,,,
74,1549387631120859142,1549387631120859142,1658237772000.0,2022-07-19 13:36:12,+0000,,Amazon is giving Prime Video its biggest redesign in years  https://t.co/ubdRzYBnWP via @Verge,en,[],[],1546139108,1546139108,IBD_PSeitz,Patrick Seitz,2,13,https://twitter.com/IBD_PSeitz/status/1549387631120859142,['https://www.theverge.com/2022/7/18/23268285/amazon-prime-video-2022-redesign-preview-announcement?utm_campaign=theverge&utm_content=entry&utm_medium=social&utm_source=twitter'],[],0,,False,2,0,0,,None,,,,,,,[],,,,
75,1549387271098580993,1549387271098580993,1658237686000.0,2022-07-19 13:34:46,+0000,,Facebook’s workforce grew more diverse when it embraced remote work  https://t.co/3W1E6nSZfi,en,[],[],1546139108,1546139108,IBD_PSeitz,Patrick Seitz,2,13,https://twitter.com/IBD_PSeitz/status/1549387271098580993,['https://www.washingtonpost.com/technology/2022/07/19/facebook-diversity-report-2022/'],[],0,,False,1,0,0,,None,,,,,,,[],,,,
76,1549386471592837121,1549386471592837121,1658237495000.0,2022-07-19 13:31:35,+0000,,"Overrun by influencers, historic sites are banning TikTok creators in Nepal  https://t.co/1Rz4ox8OlZ via @restofworld",en,[],[],1546139108,1546139108,IBD_PSeitz,Patrick Seitz,2,13,https://twitter.com/IBD_PSeitz/status/1549386471592837121,['https://restofworld.org/2022/nepals-historic-sites-banning-tiktok-creators/?utm-source=sharing'],[],0,,False,1,1,0,,None,,,,,,,[],,,,
77,1549379571908321281,1549379571908321281,1658235850000.0,2022-07-19 13:04:10,+0000,,Starbucks CEO says more store closures are coming as he cites safety concerns and drug use: 'This is just the beginning'  https://t.co/IWyHhxVVZI,en,[],[],1546139108,1546139108,IBD_PSeitz,Patrick Seitz,2,13,https://twitter.com/IBD_PSeitz/status/1549379571908321281,['https://www.businessinsider.com/starbucks-ceo-howard-schultz-says-more-store-closures-are-coming-2022-7'],[],0,,False,2,0,0,,None,,,,,,,[],,,,
78,1549068142093094912,1549068142093094912,1658161600000.0,2022-07-18 16:26:40,+0000,,PC Sales Weakness To Weigh On Microsoft's June-Quarter Report  https://t.co/4wJQRBvj7p $MSFT  https://t.co/VBI9BEdmt3,en,[],['msft'],1546139108,1546139108,IBD_PSeitz,Patrick Seitz,1,16,https://twitter.com/IBD_PSeitz/status/1549068142093094912,['https://www.investors.com/news/technology/microsoft-stock-pc-sales-weakness-to-weigh-on-quarterly-report/'],['https://pbs.twimg.com/media/FX9lRBSXkAA_AHh.jpg'],1,https://pbs.twimg.com/media/FX9lRBSXkAA_AHh.jpg,False,1,0,0,,None,,,,,,,[],,,,
79,1549019633797193729,1549019633797193729,1658150034000.0,2022-07-18 13:13:54,+0000,,Judge in Twitter v. Musk once made rare ruling: ordering a deal to close  https://t.co/VUD54ruFZV,en,[],[],1546139108,1546139108,IBD_PSeitz,Patrick Seitz,1,13,https://twitter.com/IBD_PSeitz/status/1549019633797193729,['https://www.reuters.com/legal/transactional/judge-twitter-v-musk-made-rare-ruling-ordering-deal-close-2022-07-15/'],[],0,,False,1,0,0,,None,,,,,,,[],,,,
